{
    "processors": ["cpu", "gpu"],
    "scope": ["inference", "training"],
    "version_aliases": {
        "4.0": "4.0.0",
        "4.1": "4.1.0",
        "5.0": "5.0.0"
    },
    "versions": {
        "4.0.0": {
            "registries": {
                "af-south-1": "313743910680",
                "ap-east-1": "057415533634",
                "ap-northeast-1": "520713654638",
                "ap-northeast-2": "520713654638",
                "ap-south-1": "520713654638",
                "ap-southeast-1": "520713654638",
                "ap-southeast-2": "520713654638",
                "ca-central-1": "520713654638",
                "cn-north-1": "422961961927",
                "cn-northwest-1": "423003514399",
                "eu-central-1": "520713654638",
                "eu-north-1": "520713654638",
                "eu-south-1": "048378556238",
                "eu-west-1": "520713654638",
                "eu-west-2": "520713654638",
                "eu-west-3": "520713654638",
                "me-south-1": "724002660598",
                "sa-east-1": "520713654638",
                "us-east-1": "520713654638",
                "us-east-2": "520713654638",
                "us-gov-west-1": "246785580436",
                "us-iso-east-1": "744548109606",
                "us-isob-east-1": "453391408702",
                "us-west-1": "520713654638",
                "us-west-2": "520713654638"
            },
            "repository": "sagemaker-chainer",
            "py_versions": ["py2", "py3"]
        },
        "4.1.0": {
            "registries": {
                "af-south-1": "313743910680",
                "ap-east-1": "057415533634",
                "ap-northeast-1": "520713654638",
                "ap-northeast-2": "520713654638",
                "ap-south-1": "520713654638",
                "ap-southeast-1": "520713654638",
                "ap-southeast-2": "520713654638",
                "ca-central-1": "520713654638",
                "cn-north-1": "422961961927",
                "cn-northwest-1": "423003514399",
                "eu-central-1": "520713654638",
                "eu-north-1": "520713654638",
                "eu-south-1": "048378556238",
                "eu-west-1": "520713654638",
                "eu-west-2": "520713654638",
                "eu-west-3": "520713654638",
                "me-south-1": "724002660598",
                "sa-east-1": "520713654638",
                "us-east-1": "520713654638",
                "us-east-2": "520713654638",
                "us-gov-west-1": "246785580436",
                "us-iso-east-1": "744548109606",
                "us-isob-east-1": "453391408702",
                "us-west-1": "520713654638",
                "us-west-2": "520713654638"
            },
            "repository": "sagemaker-chainer",
            "py_versions": ["py2", "py3"]
        },
        "5.0.0": {
            "registries": {
                "af-south-1": "313743910680",
                "ap-east-1": "057415533634",
                "ap-northeast-1": "520713654638",
                "ap-northeast-2": "520713654638",
                "ap-south-1": "520713654638",
                "ap-southeast-1": "520713654638",
                "ap-southeast-2": "520713654638",
                "ca-central-1": "520713654638",
                "cn-north-1": "422961961927",
                "cn-northwest-1": "423003514399",
                "eu-central-1": "520713654638",
                "eu-north-1": "520713654638",
                "eu-south-1": "048378556238",
                "eu-west-1": "520713654638",
                "eu-west-2": "520713654638",
                "eu-west-3": "520713654638",
                "me-south-1": "724002660598",
                "sa-east-1": "520713654638",
                "us-east-1": "520713654638",
                "us-east-2": "520713654638",
                "us-gov-west-1": "246785580436",
                "us-iso-east-1": "744548109606",
                "us-isob-east-1": "453391408702",
                "us-west-1": "520713654638",
                "us-west-2": "520713654638"
            },
            "repository": "sagemaker-chainer",
            "py_versions": ["py2", "py3"]
        }
    }
}
